n_nodes,field_side,protocol,n_censored_runs,fnd_mean,fnd_std,hnd_mean,hnd_std,lnd_mean,lnd_std,throughput_total_mean,throughput_total_std,readings_attempted_total_mean,readings_attempted_total_std,readings_delivered_total_mean,readings_delivered_total_std,pdr_percent_mean,pdr_percent_std,reporting_rate_mean,reporting_rate_std,data_yield_mean,data_yield_std,mean_residual_energy_final_mean,mean_residual_energy_final_std,mean_latency_ms_mean,mean_latency_ms_std,p95_latency_ms_mean,p95_latency_ms_std,alive_node_auc_mean,alive_node_auc_std,total_control_packets_mean,total_control_packets_std,mean_setup_ms_mean,mean_setup_ms_std,total_runtime_s_mean,total_runtime_s_std,peak_memory_kb_mean,peak_memory_kb_std,ops_per_round_mean,ops_per_round_std,density_per_ha
50,50.0,apteen,15,6831.166666666667,139.16101422017547,,,6999.0,0.0,17904.733333333334,255.6695598023429,46619.0,671.343535648585,46570.73333333333,735.1535764399034,99.8950195948495,0.3349856623953455,0.1674683882214669,0.0020438407380259,0.1331257609313299,0.0020858508390512,0.1047846656075437,0.0056108014122131,345.2316974948755,4.391168274379917,1014.0,0.0,349824.5333333333,167.84553556625752,357379.4,855.1946979656569,0.5261562480846639,0.0229467448037571,10.24667941428405,0.4534746021863593,5023.6953125,,116.24854285714284,0.1033208114924743,200.0
50,50.0,dqn,0,1499.8666666666666,117.0859676029703,2164.8,43.18597655985762,2973.8,129.0704126768464,5034.4,140.0106118427151,109740.6,427.9193515471945,109249.73333333334,584.6457372591013,99.5524154564897,0.2698188920597969,1.0002625757639343,3.141387737031456e-05,0.9957855756838072,0.0027072045620794,0.0,0.0,448.3997670535139,11.337296602747577,800.6666666666666,23.50278605572013,109711.8,429.8991908409625,7949.666666666667,230.3117969395485,0.3334834608833502,0.010078303269587,3.3055218642901827,0.1240530948616807,2249.470703125,,1783.3246372311928,93.82168426089608,200.0
50,50.0,fuzzy_t2,0,1655.8,60.19990507823556,2303.0,47.35730445996991,2570.266666666667,37.1049990214385,5006.6,126.54519237918804,111483.0,494.0268934264322,111077.73333333334,705.8299538908248,99.63596052475177,0.3115217504861153,1.0003110220823386,2.8319494087487647e-05,0.9966695260297478,0.0031268466426784,0.0,0.0,457.2591979440057,11.75788887657126,827.3333333333334,19.518001458970662,111448.33333333331,492.9467758384508,5241.333333333333,49.54170921941383,2.596003727418269,0.1888643552853842,9.022355314290118,0.6685767060645329,1811.52734375,,656.5625766259384,13.467915776498998,200.0
50,50.0,gcn,0,199.9333333333333,150.66636114591864,2189.0,63.09743033028932,3954.866666666667,124.09550853312636,5904.866666666667,141.29142460413746,109180.86666666668,548.439196612489,108248.26666666666,645.3507868556744,99.14591548589205,0.3474872758351158,1.0001062855560674,2.5930049364622057e-05,0.9915645492535762,0.0034803679558625,0.0,0.0,380.8343446758329,8.12353766396875,747.3333333333334,66.61903060008632,109169.26666666666,549.037790355177,9704.533333333333,210.7801382167368,0.5149800836626646,0.0181759498116607,4.504043571422309,0.1865415335177226,2802.572265625,,1504.9865807188914,55.90403315631744,200.0
50,50.0,leach,0,1790.5333333333333,37.2958570404402,2109.6666666666665,24.455985731416312,2636.0,153.59454975449393,15624.8,560.3852246446189,106219.4,526.4325760654037,105720.73333333334,730.8276586628797,99.52993052968397,0.3211997654607184,1.0002912959073649,4.07755396285089e-05,0.9955892507862548,0.0032194406263481,0.0,0.0,138.2506608481263,4.461875486767197,623.3333333333334,12.798809468443688,106188.46666666666,526.0377317627465,101145.0,312.4918284645902,0.4446243482235819,0.037986132985168,4.062935807143471,0.2006877271899436,2059.9296875,,89.38018879237293,5.148180359271782,200.0
50,50.0,nsga2,0,2184.4666666666667,11.005626266769626,2233.8,14.467698010197951,2899.333333333333,337.1825844228839,5263.533333333334,332.45147157499684,112910.66666666669,423.40383739854025,112521.86666666668,712.4727430041163,99.65497783382612,0.3400774601921099,1.000326017142263,2.302253743815896e-05,0.9968746953576088,0.0034096730280653,0.0,0.0,442.6394800884442,26.13208547083259,580.6666666666666,12.344267996967352,112873.86666666668,422.9216183149016,5330.2,246.0523173171569,95.7110256573195,9.875504034812478,276.66098502856664,37.424317477986975,2428.6806640625,,18841.530891313567,2309.247632199704,200.0
50,50.0,pegasis,0,2097.333333333333,78.10950798779389,2231.266666666667,1.944467120049187,3466.9333333333334,141.90664268488362,3455.733333333333,131.50907989655352,113601.93333333332,196.21579471397837,113127.8,563.2099583129343,99.58284817917324,0.5106398969823248,1.0002218790876407,3.797408912030293e-05,0.996049519641152,0.0051249682391332,0.0,0.0,427.0496874369811,16.489778405595043,821.6666666666666,8.295150620062532,113576.73333333334,196.31187529274015,110188.53333333334,140.01166618059605,0.0156250814913532,0.0006993210281783,2.7124225428519173,0.1382514902778439,2414.8046875,,4.519945496158783,0.3569537701652442,200.0
50,50.0,som,0,1382.0666666666666,96.3983303550331,2184.0666666666666,50.29124699000338,3156.9333333333334,93.09401290144946,5663.533333333334,217.53681680733183,112579.13333333332,494.15004468953214,112044.53333333334,723.4631856234157,99.52449574411204,0.2955694838694008,1.0002469877554343,2.779796501176621e-05,0.9954907526543074,0.0029500986350483,0.0,0.0,408.930913392461,14.134955221628768,567.3333333333334,27.945525240230875,112551.33333333331,493.7189291007394,5813.466666666666,118.76198686368262,18.13457802181177,2.0627183933444844,59.38032554999726,7.349060838197095,2167.494140625,,1374.2922598782638,38.83926190298627,200.0
50,50.0,stub,0,2178.0666666666666,405.2953890447711,3230.0666666666666,122.85326128973465,4326.266666666666,64.2144472692496,163438.4,4034.6587534936407,163557.93333333332,4046.027619188739,163438.4,4034.6587534936407,99.9271459041552,0.1405175186885569,1.0003059691144156,7.51669216976756e-06,0.9995772059947738,0.0014061919961931,0.0,0.0,454.97109988327287,4.444948929542186,935.6666666666666,5.163977794943222,163507.93333333332,4046.027619188739,0.0,0.0,0.002780898499941,0.0002566461402771,2.0634517714206595,0.0654254971305163,8171.8828125,,0.0,0.0,200.0
50,50.0,teen,15,6808.5,55.86143571373726,,,6999.0,0.0,17103.466666666667,222.788133393483,42280.73333333333,703.4825073128956,42236.93333333333,764.0384682412142,99.8946372867668,0.360255978032323,0.1544557151545314,0.0021795465296116,0.1206855726804914,0.0021722244264711,0.142068652019641,0.0063559347745682,355.33350714471413,4.054292614937355,1014.0,0.0,349974.4666666667,69.01642316627735,357870.4666666667,887.4200862747076,0.5230253152584904,0.0267668757998331,9.973334307142068,0.5092163290134439,5006.875,,116.3680476190476,0.0618587610352203,200.0
100,50.0,apteen,15,5684.4,140.3133228579117,6490.6,46.12684374944501,6999.0,0.0,28022.266666666663,170.34690095997246,86363.46666666666,704.5585108691082,86125.13333333333,712.4941971359352,99.72419550662268,0.2297277806479678,0.1679173857101683,0.00140249538446,0.1325592950098658,0.0013165887946714,0.0091242244957748,0.0021480699012476,437.50988630858734,2.0509285853479917,994.0,21.38089935299395,649722.4,2035.177240438778,706714.8666666667,2296.963084057689,0.981466740822985,0.0190485454178148,20.78845838572514,0.4153851620660214,5503.359375,,421.1314952380953,2.0983313896052094,400.0
100,50.0,dqn,0,1627.5333333333333,70.738822102018,2213.4666666666667,25.31195840102536,3047.4,101.31055508400183,11503.866666666669,94.37074809091054,224644.13333333333,362.22918291101416,223428.2,660.2554916740293,99.45865646062056,0.2128010890420233,1.0002475608598218,2.2773010416516957e-05,0.9948327879366792,0.0021299879638969,0.0,0.0,402.54532929743226,2.681390400932746,860.6666666666666,17.99470821684875,224588.53333333333,361.65983754798935,14432.933333333332,162.57985583647664,0.4801496331358633,0.0114227348527442,5.908294807154952,0.1002472282574197,2312.166015625,,7161.894599888986,284.81402270262845,400.0
100,50.0,fuzzy_t2,0,1685.4,44.7242344021353,2364.6,23.57298696147169,2626.0,50.66979940189789,11685.733333333334,129.1286549291424,227619.13333333333,606.2082229100901,226620.13333333333,871.9294587020105,99.56102283817322,0.2411050460735777,1.000310833492586,1.6902054842096855e-05,0.9959197156655571,0.0024199160566323,0.0,0.0,401.5884338418768,3.77494087076794,990.0666666666656,38.8117557056138,227548.4,604.5309634040971,11564.333333333334,112.98082433168324,4.5615876369883335,0.126322950724018,16.020401535722026,0.2721017776781503,2042.3056640625,,2171.102901469196,47.40371498481024,400.0
100,50.0,gcn,0,207.9333333333333,148.45656732173347,2251.266666666667,46.78746270815149,4038.2,100.19067535739757,11629.933333333332,127.81877051215169,223330.0,640.8164435200725,221125.8,867.9265275026781,99.01288139375868,0.1973239936192068,1.000093440235596,1.9438484473563862e-05,0.9902213382629416,0.0019769776429604,0.0,0.0,394.3284559216567,3.754856887328693,815.1999999999995,45.15244021249463,223309.13333333333,640.5118340232361,15634.933333333332,172.648886747752,0.850938397622123,0.0220588705925415,7.955754764286602,0.1270038493505651,3093.322265625,,5215.147463828701,154.61140606645725,400.0
100,50.0,leach,0,1617.2,40.226501570126985,1987.4,18.030925814119627,2654.4666666666667,72.18316648505747,14242.866666666669,321.6810458172742,201237.7333333333,376.1770986168743,199838.06666666668,627.2590563790401,99.30441726786036,0.2266833018044009,1.000262130844994,1.7634390902173306e-05,0.9933044802882236,0.0022675605239324,0.0,0.0,289.76879275702663,6.69960286849303,854.0,15.118578920369089,201185.0,378.040436234765,207038.6,449.3666654303588,0.7792223973900636,0.0295746722922412,7.628790414289272,0.2252196942498454,2173.7421875,,335.0976973827559,9.056855198711965,400.0
100,50.0,nsga2,0,2172.866666666667,22.148417120696934,2244.0666666666666,20.38370030429309,3300.333333333333,158.04324302755452,12285.333333333334,213.55048471920995,231059.7333333333,351.2269243394538,230308.9333333333,791.6112381598384,99.674916440899,0.2519017725250691,1.0003477884249816,1.551959734399991e-05,0.997095827127902,0.0025220156257136,0.0,0.0,389.0352559533092,5.904813364714278,539.3333333333334,11.872336794093274,230979.4,350.1166744305185,12620.266666666666,163.14475021835526,101.81399576173035,11.29325414153926,340.8893927428539,37.57161440053317,2596.2509765625,,80325.3134515294,3880.989539823589,400.0
100,50.0,pegasis,0,2114.133333333333,119.55504809003058,2251.266666666667,0.7988086367179803,3482.733333333333,130.15236492372352,3473.733333333333,132.64208913283824,227050.4,254.7070586267403,225907.4,763.3135285432475,99.49653226507742,0.2981600487664232,1.0002422937388835,1.611625953586746e-05,0.9952064009214686,0.0029839392443719,0.0,0.0,840.940631241458,30.773447179788096,1641.0666666666666,8.778762251403478,226995.4,254.2014948815211,223638.2,258.4899003277083,0.0241511520883608,0.0020273838167263,4.512546485714016,0.3388826110931821,2268.765625,,21.51322528266269,2.2696465702067785,400.0
100,50.0,som,0,1280.2666666666669,114.04915398112132,2311.2,34.569185287312905,3443.6,146.73825092904127,12272.466666666667,178.6456455295417,230430.4,413.26259379306447,229236.8,902.7942496177392,99.48180073836372,0.277061231770926,1.0002404925048525,1.778505814371137e-05,0.9950572460798894,0.0027684425003371,0.0,0.0,387.20169139633066,5.180621161637004,538.0,25.29822128134704,230375.0,415.203908597072,12499.266666666666,92.96655824747388,36.72262279958612,1.9257273417534544,130.01989003570634,6.461886161308579,2700.0322265625,,6057.921574298611,257.930461989681,400.0
100,50.0,stub,0,1943.0666666666664,549.2875212057716,3240.6666666666665,110.2021951211672,4386.133333333333,31.827361693689785,326427.73333333334,6372.59520431788,326684.93333333335,6281.825990980042,326427.73333333334,6372.59520431788,99.9207726795912,0.0921569816898238,1.000306305755118,5.944784937043361e-06,0.9995137883315603,0.0009200822131488,0.0,0.0,901.3843009814516,4.879977768436344,1866.3333333333333,10.327955589886445,326584.93333333335,6281.825990980042,0.0,0.0,0.0029346716319236,0.0001331872335957,3.645034285723731,0.1112387501886164,13329.765625,,0.0,0.0,400.0
100,50.0,teen,15,5898.8,184.54894821080472,6719.533333333334,49.51171097638945,6999.0,0.0,27726.93333333333,159.61268597392103,80292.06666666667,794.7148155755234,80089.13333333333,794.908428388962,99.74747310907064,0.2264455951050062,0.1549413604695031,0.0015052058391766,0.120117236317197,0.0014112574023812,0.0162752662809877,0.0031034571021008,447.4440997578429,1.9266229012732852,1006.0,18.20517979665599,666773.9333333333,2253.4859176290365,726859.6,2692.0404051308637,1.0111260275832823,0.0267470216518023,20.93003882143447,0.586705305892222,5516.5419921875,,435.7413714285714,2.300802848722175,400.0
150,50.0,apteen,15,5001.866666666667,110.76091798274766,5624.333333333333,34.798741082866506,6999.0,0.0,36968.66666666666,246.5440171266632,114119.46666666666,507.372625347861,113754.53333333334,524.9307255883073,99.68027636993688,0.1656857073697055,0.1680453539871547,0.0010139585858608,0.1323206553454511,0.0008399968553805,0.000647794287664,0.0003878768798297,440.6755294328072,2.1451083464323726,974.0,7.559289460184544,859700.0666666667,2716.201509110699,937782.4666666668,2450.0031739532405,1.3192306458629304,0.0377284862893837,30.67003000715132,0.6645223805564355,5782.8828125,,832.6582952380954,2.894420668160727,600.0
150,50.0,dqn,0,1677.4666666666667,42.17966108829953,2225.6,21.38357179839567,3028.6666666666665,95.97445096532326,17934.066666666666,80.62830650288899,339679.4666666667,344.399657098441,337758.13333333336,682.7002967906892,99.43433972960722,0.1551700627075132,1.0002442115276855,1.683290728792418e-05,0.99458623531346,0.0015575737600913,0.0,0.0,390.7557039571684,1.7217095497727912,929.1333333333314,23.71517496898556,339596.5333333333,344.32768169427266,20597.266666666663,170.27770035473006,0.7026156086871966,0.0379516045104728,8.810761850007111,0.388924706612759,2627.283203125,,16373.513616818773,592.1143963164129,600.0
150,50.0,fuzzy_t2,0,1697.8,44.5600718132276,2386.9333333333334,19.90860067790755,2629.0,33.93481145625284,18216.533333333333,153.66748269590167,343483.5333333333,582.4655558996805,341868.4666666667,913.360112572306,99.52976444518612,0.1872595947472289,1.0003019084633238,2.022200227627048e-05,0.9955981442594354,0.0018795335248702,0.0,0.0,389.1713574054486,3.442981186002171,1156.6666666666667,34.53086955726647,343379.86666666664,583.8983358998951,17262.933333333334,223.40145371910523,7.069208054647719,0.1829206342665962,24.693865749993297,0.4568365961342911,2261.6416015625,,4567.349958003489,81.18589129823462,600.0
150,50.0,gcn,0,138.33333333333334,27.827701169535228,2267.8,35.49084388965695,4115.533333333334,90.12203366758294,17087.8,173.41329657373862,338474.2,805.3870586778226,334707.4,1294.3004067283384,98.88698404522056,0.2480147611106234,1.0000821433924691,1.215428485596144e-05,0.9889510761538411,0.0024831862749933,0.0,0.0,405.798079780427,3.0063844411901903,803.3333333333334,41.31182235954578,338446.4,805.8237843527401,21287.4,193.3330952379486,1.5002810911231406,0.152301976354497,13.112864557133957,1.0980030578366975,3262.837890625,,11008.647658632315,277.61612211346574,600.0
150,50.0,leach,0,1586.4,42.116844271960495,1897.2666666666669,10.367991034681603,2573.4666666666667,76.75458726790646,17360.333333333332,362.673144199856,290256.13333333336,329.45970199418207,287825.0,656.2878288416708,99.16235577515404,0.159062848479586,1.0002433008530074,2.4255815425101296e-05,0.9918648016455134,0.0015785111025202,0.0,0.0,342.93377973573973,6.986921009934523,883.3333333333334,10.327955589886445,290185.5333333333,331.5452709158534,301830.3333333333,312.8693626663341,1.157763728095072,0.0542527398009227,11.798230585721155,0.2401507842912023,2226.0234375,,753.3879248655514,22.83222516298749,600.0
150,50.0,nsga2,0,2159.5333333333333,16.638452308976795,2243.0,15.865506160040583,3365.266666666667,123.89019716015044,19104.466666666667,124.98849470860831,348586.3333333333,353.25884210279787,347345.26666666666,761.9669534141478,99.64400253316222,0.2102187337355782,1.000343020566071,1.7614611221984587e-05,0.9967818299082404,0.0021055981925326,0.0,0.0,377.65637362679337,2.3556849734597094,556.6666666666666,16.676187756655835,348466.8,350.9064181312652,19366.866666666665,96.96160261130372,109.02587066411417,12.80537166793445,373.7171863285725,47.46745642666334,2915.5791015625,,187172.1711776012,7371.079252926969,600.0
150,50.0,pegasis,0,2062.333333333333,121.07888023142286,2258.133333333333,0.5163977794943223,3490.4,173.39706703731426,3470.4666666666667,151.44252406519809,340544.4,228.1361748730663,338749.13333333336,729.1200044933488,99.47286812249304,0.225184744347389,1.0002508348601646,1.8090465005030275e-05,0.9949781878633354,0.0022496568247575,0.0,0.0,1257.4023505979926,55.68043901795309,2455.48,8.44640244635038,340459.0,226.3679053475306,337142.73333333334,181.65173376808812,0.041564828133541,0.0023951709863387,6.531022478589356,0.2832433334790163,2456.515625,,53.534151925199765,3.9290155253313457,600.0
150,50.0,som,0,1295.9333333333334,119.04768952378866,2309.866666666667,35.63278319322304,3370.2,81.8790048093614,18526.13333333333,176.89862579885636,347996.3333333333,312.30243278560846,346161.06666666665,612.7011001256959,99.4726454509326,0.1693028004609073,1.000238948248426,1.2081253181572702e-05,0.9949641369920428,0.0016899214629491,0.0,0.0,387.4137737798989,3.665604385399533,534.0,23.904572186687872,347913.2,312.10076211743814,18796.266666666663,149.0567804882549,57.50823733074206,4.354211026877023,200.46135909999225,14.921273624723288,2638.734375,,14482.906010394305,352.9757272855084,600.0
150,50.0,stub,0,1677.4,649.7403657286061,3257.733333333333,102.17244992565033,4400.733333333334,26.767428679184675,490618.4666666667,9070.762716920042,491014.4,9086.620523762238,490618.4666666667,9070.762716920042,99.91940170202945,0.0659625707415972,1.0003056805360282,5.624509470478258e-06,0.9994994512589896,0.0006599749924823,0.0,0.0,1348.3686535078125,6.056962854269934,2793.0,8.28078671210825,490864.4,9086.620523762238,0.0,0.0,0.0040239763606197,0.0006401632470489,5.86086437143136,0.3207587474662606,18554.9453125,,0.0,0.0,600.0
150,50.0,teen,15,5185.866666666667,127.68256770302708,5805.266666666666,47.29008755492404,6999.0,0.0,36898.26666666667,190.9799790055292,106493.13333333332,580.358493478282,106142.6,587.610998632842,99.67092820809252,0.167056616851629,0.1550124801104096,0.0010318225571436,0.1197754596411456,0.0008602362521338,0.0010920800752618,0.0004622447456424,447.64027342806577,1.9980456998868417,986.4666666666648,12.299051453941049,886192.4666666667,2715.5176793139585,967417.5333333332,2962.898577567646,1.3456625253661794,0.0408717581357753,30.855641671443923,1.049358735302884,5797.3828125,,859.5071904761905,2.8033139742268074,600.0
50,100.0,apteen,15,1946.9333333333332,138.4090555804304,5956.2,391.7944431896472,6999.0,0.0,14664.6,578.7708404146548,36710.86666666667,1507.5136515215409,33470.2,1954.9947826017335,91.12555320125706,2.226240298452297,0.1670131539287832,0.0025563670681689,0.1216004818338941,0.0042416390251197,0.0239254529088585,0.004730368323394,284.6707287677127,9.730595286127654,850.0,34.80558247506528,275107.6,9135.793669486444,266334.2,11152.078987473911,0.3681028470027555,0.012713578350322,7.320243007137573,0.2359038045437369,4901.4140625,,76.76058095238095,4.077523032082383,50.0
50,100.0,dqn,0,1295.6666666666667,84.381503276714,1800.0,43.07800234126793,2105.4666666666667,45.68505017534521,3499.5333333333333,142.88300242139505,89484.26666666666,1405.893689674531,81016.73333333334,3223.639014411833,90.5329248797155,3.1602692054233823,1.0003895728908956,4.685026989672265e-05,0.9056815859442248,0.0316036277224251,0.0,0.0,478.5140101177388,6.898758230123285,822.0,19.71221521218325,89449.46666666666,1408.5319037244146,5947.866666666667,123.75717391423454,0.3364426397763543,0.0051344127030841,2.519103557137506,0.046550868114777,1496.783203125,,2109.469933651618,34.08708457271537,50.0
50,100.0,fuzzy_t2,0,1379.0666666666666,52.27737378181702,1874.4,37.4734191508747,1979.5333333333333,45.39173409123652,3639.0,165.47377867375673,90185.0,1613.6609220739565,82301.93333333333,2990.5705013942616,91.25832516260802,2.855334392047813,1.0004337506948735,3.867984491068694e-05,0.9129788559771146,0.0285576338919509,0.0,0.0,467.3790078256571,10.44048262241708,850.0,32.2490309931942,90145.93333333332,1614.9890520047616,4167.066666666667,69.66805649103537,2.403081698030487,0.0578336731695031,6.431928307133993,0.2179108189704259,1404.06640625,,695.2825660085165,13.675778734316536,50.0
50,100.0,gcn,0,151.86666666666667,97.18676178712133,1634.6,93.7967407292416,3007.9333333333334,185.2154986829692,4042.4,175.8322252278331,83479.46666666666,2150.590977471298,73782.93333333333,2604.745407538948,88.41521090082668,3.2095744640254527,1.0002474913263126,5.216796961641462e-05,0.8843707128064902,0.032096860810373,0.0,0.0,381.1126315061565,16.352104886662936,821.4666666666666,47.34956126914954,83458.86666666667,2152.323756403983,7350.933333333333,319.10532669294247,0.5097732738156069,0.0265498153618211,3.4428850499971304,0.1465038996081901,2096.259765625,,1535.43369653714,125.83943895582658,50.0
50,100.0,leach,0,641.2,48.69614241101944,1590.4,68.66772999639016,2125.133333333333,59.66557594108141,12825.2,459.9307711881369,76547.66666666667,2120.751540194677,68713.2,3267.888269640984,89.73281840498352,2.410847474657869,1.0005157015244557,4.4141590041022446e-05,0.8977906872175574,0.0241106357878151,0.0,0.0,108.99639576209626,4.9728717814739785,548.3333333333334,20.94778088031101,76508.26666666666,2121.725290777251,70301.8,2294.3575571388174,0.3379244987181528,0.0117857178302377,2.5304367928599407,0.0632315179543121,1764.7421875,,71.8143036122597,3.3537905888450985,50.0
50,100.0,nsga2,0,1817.9333333333332,29.75007002792879,1875.4666666666667,22.576431030949912,1997.5333333333333,135.23570252745847,3536.4,158.29980597407112,93857.6,1124.445183825593,83833.53333333334,2783.527973804536,89.3141855196212,2.560789538172393,1.000433555692814,2.833407481921196e-05,0.8935286747481689,0.0256038496446525,0.0,0.0,488.7919905244634,16.634230242396377,586.0,12.649110640673518,93816.93333333332,1124.6747762713237,4207.666666666667,87.83968080434676,96.73535544039486,11.1893211267664,194.40640225713807,20.9180199695931,1598.3837890625,,22620.368488655848,1368.2255269922364,50.0
50,100.0,pegasis,0,1549.7333333333331,117.4797652282947,2134.733333333333,24.57195459016137,2654.6,326.4308721394383,2319.6,358.920962250545,104419.13333333332,1193.5174824661683,88099.0,3503.985975183936,84.348969702407,2.5500581701114964,1.00026558421945,3.3190607030407534e-05,0.8437137683727249,0.0255090403440614,0.0,0.0,494.9713750491998,57.8767396245592,813.223333333333,10.944255940686023,104391.4,1192.3903243964562,101831.53333333334,957.0605941905566,0.0158596759249862,0.000801998398686,2.114664957147657,0.0544102537721718,2050.8515625,,8.165196392261903,1.0361217515383003,50.0
50,100.0,som,0,1152.8,105.52535240405504,1848.4666666666667,33.6045631822029,2588.9333333333334,140.64771932875752,4228.733333333334,259.3055193800401,92912.33333333331,1651.889336775433,82814.86666666667,3508.9441608280868,89.11819059674585,3.0013118581325453,1.000361379841198,4.009256244697056e-05,0.891503977339667,0.0300236700201486,0.0,0.0,406.1690443801076,20.31477954384153,567.3333333333334,29.920529661723823,92878.8,1653.1457113204335,4715.866666666667,144.41055890692178,19.55561454475848,1.2159330415296454,52.1713458642771,1.7115068533852509,1838.7744140625,,1405.213554707488,81.53685554189877,50.0
50,100.0,stub,0,119.66666666666669,11.812019705529172,1103.8,197.4379468520245,3084.733333333333,128.66538366002314,64484.53333333333,6641.9197726761695,66623.46666666666,6445.892189899667,64484.53333333333,6641.9197726761695,96.73803630595334,1.0109363905705255,1.000757576969074,7.253844494678841e-05,0.9681128359299348,0.0100769914790955,0.0,0.0,306.84916268877987,13.938799875603324,746.3333333333334,31.045281828476348,66573.46666666666,6445.892189899667,0.0,0.0,0.0023951560781872,6.080732209957957e-05,0.9524551571438288,0.0657336849667603,4375.3984375,,0.0,0.0,50.0
50,100.0,teen,15,2028.2666666666669,152.25517428067295,6281.933333333333,326.5891842025624,6999.0,0.0,14100.8,604.5493244676447,34140.0,1442.578098900913,31037.866666666665,1871.9664552346571,90.86304432616885,2.306553182481753,0.1540432732020195,0.002591042066132,0.1099144457217642,0.0041621296832764,0.0367502227418637,0.0054467829033045,298.1919485807953,8.511972582448182,863.3333333333334,27.11527420547495,282226.5333333333,9059.663663472176,274608.73333333334,10826.15141660406,0.3769589102392237,0.0139191894886381,7.309978257145433,0.2515781840530722,4886.2734375,,79.67435238095239,4.190220165408578,50.0
100,100.0,apteen,15,2140.733333333333,130.1584016643164,5365.733333333334,165.97352055014537,6999.0,0.0,21456.266666666663,615.1100327428844,68945.0,1755.2257079117448,62622.6,2323.33432807248,90.81585043149911,1.772104091428937,0.1676049591695968,0.001499476756883,0.1207052063345179,0.0030136618411811,0.0032909790054221,0.0011373553436936,407.6498988549928,4.846622896167158,980.6666666666666,25.81988897471611,518717.6,10065.657779939527,554686.2666666667,11805.792007477072,0.7312593848215255,0.0233778310495393,15.488711378578696,0.4878103088534768,5208.46875,,296.11131428571423,9.86914316572902,100.0
100,100.0,dqn,0,1478.4666666666667,58.70004461748933,1919.5333333333333,29.24494258272132,2311.333333333333,57.30328670038627,8969.733333333334,207.08951365693693,192172.8,2255.0115362391007,173612.46666666667,4832.3584136625495,90.33475376681858,1.9451628075428573,1.000335247022866,1.6771185937794322e-05,0.9036504277191,0.0194605720444501,0.0,0.0,401.6510177484881,3.244652093940751,924.3333333333334,39.66226466170632,192108.4,2254.5893449330665,11905.666666666666,174.29394984445372,0.4866383772957171,0.0075398403843438,4.774550635716878,0.0852343241384605,1786.095703125,,8265.479018731168,186.2883466372216,100.0
100,100.0,fuzzy_t2,0,1453.6666666666667,56.19566158479123,2002.7333333333331,27.64950701360221,2111.266666666667,48.48190629601148,9049.133333333331,269.8419819785188,191710.7333333333,3143.453116437097,175387.66666666666,5215.704823849199,91.4755583658381,1.778719973432071,1.0003963670031637,2.3815614809040105e-05,0.9151182296524426,0.017797849852589,0.0,0.0,402.1934773807136,2.779495075547452,1031.3333333333333,49.49266419908924,191634.8,3143.7949133400634,9641.733333333334,218.51788637698897,4.578687503502974,0.0867191900643091,12.97137829285514,0.2351003631166967,1610.0947265625,,2293.300221479603,37.67665292475802,100.0
100,100.0,gcn,0,370.6,118.97106490955808,1828.6666666666667,65.9758252984343,3187.2,139.13621280703924,8672.666666666666,359.7885622470641,180643.6,3907.335094774588,163843.6,6162.914278164187,90.6936142077362,2.538394149401154,1.000199486757109,3.6004055721799546e-05,0.9071169033934682,0.0253826271100267,0.0,0.0,393.0386489163585,4.85969425994612,991.3333333333334,87.46155618055174,180607.66666666663,3911.185857195207,12181.066666666668,341.0260707810782,0.8303994855704807,0.0262297847241727,6.223306792858888,0.1790681179974694,2366.376953125,,5466.5000139015365,241.6438631012012,100.0
100,100.0,leach,0,1034.4,44.23766979138287,1682.0666666666666,24.90400617992061,2179.6666666666665,80.78071434150486,11048.066666666668,470.4727814605624,167022.93333333332,2687.727624025988,146318.93333333332,5017.072459778378,87.590216052815,2.0789056928606047,1.0003942057300397,2.923686483647209e-05,0.8762473552655542,0.0207928114261459,0.0,0.0,273.6361719684059,9.367076558528568,839.5999999999985,18.870990586462412,166957.13333333333,2687.716074148848,171435.2,2863.951595760156,0.7516269973414309,0.0530544648085767,6.0197290428498365,0.2868028735070743,1719.4921875,,330.19118901555726,14.991306470019186,100.0
100,100.0,nsga2,0,1872.2,31.760712478514357,1966.1333333333332,24.74979557395133,2695.733333333333,296.58110590688744,9656.133333333331,406.4133832629508,200739.13333333333,2069.092619161034,179667.93333333332,5044.74336692118,89.49363467148969,1.892202552141148,1.0004088109693887,2.323374625044496e-05,0.8953020923377571,0.0189238897346818,0.0,0.0,386.76317243681183,11.355037869715431,568.6666666666666,14.074631010979935,200657.13333333333,2071.434074212724,10790.666666666666,199.46881842485936,98.63310062625642,11.156788042349769,268.9459001571564,33.590596170544714,2132.7353515625,,86687.15375103142,10170.227333497529,100.0
100,100.0,pegasis,0,1610.4666666666667,325.7726785585895,2200.6,8.650350942509293,2595.0666666666666,367.9701980686298,2225.266666666667,387.65383428788016,216530.46666666667,1632.0076972274132,181929.26666666663,6248.665760060494,84.00987927779788,2.4521997769448527,1.0002417408980029,2.5602115820816425e-05,0.8403019502337216,0.0245310574708395,0.0,0.0,1063.419999233822,144.7881617171807,1621.9133333333332,15.56042905516907,216478.13333333333,1631.3575795578824,214056.66666666663,1498.619920682581,0.0449118306761992,0.005215832858668,4.060655728572913,0.210822562273641,1579.53125,,60.0258569167563,7.942454643425607,100.0
100,100.0,som,0,964.8,141.87882153443482,1990.2666666666669,25.91322515811643,2877.866666666667,112.29671580661824,9389.733333333334,295.2779481550674,196974.13333333333,2682.5877662826847,175679.53333333333,5203.698229784915,89.18006315623825,1.9247187188067747,1.0003249000071763,2.2480742572562564e-05,0.8920902088809438,0.0192448621674158,0.0,0.0,388.0078331938632,7.543252115633361,540.6666666666666,24.688535993934707,196910.2,2685.0768331651143,10664.0,199.01040891657613,36.17940687954598,2.683676651916019,107.77418907856918,5.999243321532311,2020.2197265625,,6187.331378403817,247.32430964241223,100.0
100,100.0,stub,0,111.53333333333332,11.331792612359433,1156.8666666666666,216.09715628018097,3207.0,68.58571279792899,129176.46666666666,8383.26169788574,133158.33333333334,8297.428256192798,129176.46666666666,8383.26169788574,96.998062820086,0.7178871706952719,1.0007542804235745,4.7026752667462095e-05,0.9707121839010614,0.0071725147645953,0.0,0.0,600.3800920434696,21.509796685327387,1477.0,38.54496446637726,133058.33333333334,8297.428256192798,0.0,0.0,0.0025557234881597,9.3706419755721e-05,1.6180807214197035,0.0774744365968453,6171.703125,,0.0,0.0,100.0
100,100.0,teen,15,2200.5333333333333,148.0998054723651,5592.0,182.40770660411096,6999.0,0.0,21247.4,625.2891673914901,64507.0,1759.2300669814135,58590.8,2261.2677291415857,90.81312504366043,1.7228966805961403,0.1545235973053757,0.0014889039402833,0.1093435754984207,0.0028484934007587,0.0063882037714977,0.0017921977524564,418.83018231654495,4.745307700554443,991.3333333333334,33.69329451445933,535745.0,10879.92897823458,574142.7333333333,12528.72920512045,0.7578798458669144,0.0291334126692361,15.64713354286089,0.6066614989067562,5222.2265625,,307.2294857142857,10.46888954124659,100.0
150,100.0,apteen,15,1992.4,88.8415925759358,4933.333333333333,187.49920634752667,6999.0,0.0,28343.8,731.3959451428676,94548.26666666666,1457.445488648187,85762.4,2298.931453647853,90.6986816159283,1.5020608177064736,0.1679674916649129,0.0012752166875646,0.1204986158888235,0.0017581322007325,0.0004579194153027,0.0003150833599448,429.5520911973655,4.36014481173907,983.3333333333334,14.864467059144127,711668.4,12836.767666133312,771461.3333333334,14766.101645645129,1.0141378755334347,0.0286401350036435,23.668971614276025,0.6199916099983692,5505.0859375,,615.3638666666667,17.857749056687478,150.0
150,100.0,dqn,0,1537.1333333333334,30.18955984789317,1956.4666666666667,31.92819324373873,2436.733333333333,46.15883550565477,14544.466666666667,286.90736849240744,296299.2,2944.8517838036314,266506.93333333335,7221.51539762225,89.9367672954774,1.8808897037916803,1.0003268629697737,1.5857362996181715e-05,0.8996616600502897,0.0188159808432502,0.0,0.0,380.7707623302007,3.327938309682113,1016.6666666666666,31.95234546871921,296202.4,2945.791254363709,17681.6,195.7114494059339,0.6670093898327967,0.0065685965926132,7.130992185715253,0.1115934069580804,2097.533203125,,18073.018262291636,301.9691657786862,150.0
150,100.0,fuzzy_t2,0,1469.7333333333331,33.26402317963415,2049.866666666667,26.741798920861875,2165.866666666667,43.34886168659807,14486.866666666669,300.0563915253899,294530.93333333335,3263.4200611073807,268948.0,6490.329773703997,91.30744409696987,1.6024754143850377,1.000386307970861,1.8311499404125385e-05,0.913427171363392,0.0160311633086104,0.0,0.0,385.5613602294063,2.890822037463163,1190.0,37.18678720805473,294417.2,3262.394720797241,14712.666666666666,293.32738089198625,7.157904007169074,0.2401810996362924,20.63308667856368,0.6990214279436261,1922.2890625,,4789.737977034331,71.58485148922443,150.0
150,100.0,gcn,0,304.6666666666667,132.744473474775,1880.6666666666667,72.36777762302252,3346.0,152.5619312185804,13223.466666666667,734.6607445098788,280704.2,5609.572688080363,250387.6,11244.406195336162,89.16790507368178,2.672617332054529,1.0001800370617546,2.5499799136461267e-05,0.8918392740481446,0.0267201243228564,0.0,0.0,393.4633129574483,7.664140372544666,1107.3333333333333,117.51393027860064,280653.73333333334,5611.784010539997,17332.666666666668,497.1713798604873,1.3725667950566445,0.0573058821014104,9.967074678582971,0.2350402901513156,2572.376953125,,11379.680480278354,600.2206982541297,150.0
150,100.0,leach,0,1085.1333333333334,35.55250979018152,1669.6666666666667,17.726762119408473,2238.8,78.11091015802009,13667.2,433.9047295037406,250663.6,2659.2906626714257,219320.06666666668,6768.890903735017,87.48377429748456,2.0546711821767096,1.0003581414297646,2.6124444727394497e-05,0.8751508746745532,0.0205456889863978,0.0,0.0,331.7891507512197,7.202389194116133,885.5999999999985,9.861903612240743,250573.86666666667,2659.100945450405,260398.3333333333,2811.493570193269,1.102964010849253,0.0447970740633705,9.903640614286164,0.1577378147737708,1916.8515625,,731.28928071329,21.83751678577905,150.0
150,100.0,nsga2,0,1864.8666666666663,29.24005732519949,1991.6666666666667,20.74906767842376,2442.333333333333,167.73860049266565,15061.4,373.2974302464075,306837.6,2622.4417139103666,274006.0,6995.044929907783,89.29199757572691,1.7600813667696489,1.0004095509991462,1.3346475747338255e-05,0.8932855430128644,0.0176010522017915,0.0,0.0,378.14063420376544,5.099225345894833,622.0,22.424476423255523,306712.0,2623.134793116272,16815.466666666667,188.83018322089848,111.08637083434174,5.530228161064352,277.3207299428551,22.011263417940977,2201.2509765625,,227795.67065736584,12246.958781361303,150.0
150,100.0,pegasis,0,1517.0666666666666,391.8003257248458,2223.6,5.096217084409628,2611.333333333333,370.9531481133946,2237.4666666666667,346.8970342637025,329315.4,973.881028228221,275698.93333333335,7788.577363831019,83.71814567901461,2.3282742847157523,1.0002253677882786,1.8839675697627062e-05,0.8373702476165108,0.0232925208173645,0.0,0.0,1615.0922907400336,237.4038531715725,2445.393333333333,27.6879155348802,329241.2,973.7807908207208,326867.86666666664,938.3559990496044,0.1128897209544836,0.0102551602210208,6.225513242850346,0.1624947943589544,2115.8359375,,180.22562032741615,21.85316271219252,150.0
150,100.0,som,0,994.4,118.40234071045336,1999.8666666666663,32.042085420509665,2981.4666666666667,131.9100703762479,14193.0,440.038472344018,300228.26666666666,3529.1654510595536,267398.6666666667,8087.474483657399,89.05069493877596,1.8522937599366236,1.0003152165858706,1.8096349509481755e-05,0.8907876306965103,0.0185278700199446,0.0,0.0,390.6910407276621,3.897209999239476,547.6666666666666,23.026899383939973,300133.6666666667,3528.6733376453994,16182.8,274.086847550188,54.213949643092256,3.9106808744124897,166.6845358357116,9.1279232007717,2308.7734375,,13904.335800666471,716.9096590243524,150.0
150,100.0,stub,0,111.0,6.740072064048828,1159.1333333333334,192.69067242109887,3238.133333333333,57.82222344228492,194698.6,13130.065345284029,200748.06666666668,13080.813290938027,194698.6,13130.065345284029,96.97408411574168,0.4955542254643287,1.000750687966282,4.813291757188454e-05,0.9704687206042611,0.0049398561429162,0.0,0.0,897.3624824999272,32.89035222432555,2217.0,51.823877563477296,200598.06666666668,13080.813290938027,0.0,0.0,0.0026172888450851,0.000129305312452,2.300342300000401,0.1768435791273614,8793.5703125,,0.0,0.0,150.0
150,100.0,teen,15,2064.0666666666666,97.9055424278689,5117.666666666667,179.5942516844435,6999.0,0.0,28319.4,768.8417819774662,88508.6,1423.0613278622754,80267.4,2155.0538872944358,90.68002028833108,1.4576880084966748,0.1550001005521943,0.0013037870010821,0.1091651271622472,0.0016473617040908,0.0009520216543441,0.0004101949842476,436.9721044256306,3.200818311687565,994.0,10.690449676496977,735221.8666666667,13062.31090836023,797452.6666666666,14569.36726083025,1.052922377595678,0.0304169480578662,24.00058902857459,0.5324946575827879,5523.1484375,,635.8048761904762,18.204599999998937,150.0
50,150.0,apteen,15,427.06666666666666,53.02218762888213,1955.0,421.3990304416265,6999.0,0.0,8546.2,1301.6173016674293,17950.6,2295.6365690463413,13732.933333333332,2745.46185203007,75.85308630167474,6.233396387958327,0.1636955824735651,0.0021287659934986,0.1006582125104839,0.0081558655172508,0.007522553637039,0.0035278670296508,153.6205419611179,20.076558005184165,552.6666666666666,43.73077809027588,135268.8,17407.718609037445,108925.06666666668,17347.595545479027,0.1680907642840626,0.0245793770223226,3.5590855142883293,0.4563164579494267,4731.34375,,25.56821904761905,4.119495000705276,22.22222222222222
50,150.0,dqn,0,453.53333333333336,187.1232850543294,1174.6,82.62808239333647,1341.2,97.30085890092204,1920.2,300.33509856254136,55582.2,3459.122869828626,40211.6,6855.953302474741,72.00776824839316,9.15500435643794,1.000720713943756,6.704176799866018e-05,0.7205951528732525,0.0916033355122488,0.0,0.0,447.374752913584,12.370654661349308,809.3333333333334,26.95675549220764,55542.333333333336,3459.240702537949,3820.0,273.08135888674013,0.3831053241013955,0.0376984268756893,1.7799335500042486,0.1397868937627105,1039.033203125,,1993.0544384974737,121.06692386642376,22.22222222222222
50,150.0,fuzzy_t2,0,380.6,197.91044150610867,1187.0,72.73926037567333,1307.4,105.35707990312888,2080.5333333333333,301.92758513701045,55054.26666666667,3680.8532874606026,41462.66666666666,6649.3576023409605,75.04278983258422,8.841794069302516,1.00079177298153,7.384479537780806e-05,0.7510194340125431,0.0884644083530244,0.0,0.0,426.092887490444,19.33981021693929,816.4666666666666,41.91635662102503,55010.93333333333,3681.3773328289326,2697.333333333333,196.2591823754157,2.385242021309032,0.1891710206749655,4.202548278562192,0.3425127235156133,1013.9306640625,,625.1935606562417,47.14722037807601,22.22222222222222
50,150.0,gcn,0,70.8,72.20130588450995,835.9333333333333,112.04748143192732,2043.6666666666667,220.38105527428968,2131.9333333333334,430.5726198359354,46171.93333333333,4008.275358852103,32824.933333333334,6289.598311800964,70.58266117805532,8.889989727049056,1.000790805788763,0.0001025777491169,0.7063777583899554,0.088915825975762,0.0,0.0,336.31560166515106,31.02726327871303,754.5333333333328,64.85683868189663,46135.73333333333,4008.3837046632057,4693.266666666666,468.1438220197273,0.4927820235074112,0.0232071377926807,2.141631750003268,0.1882637197924315,1499.939453125,,1175.911492040024,107.11066751718715,22.22222222222222
50,150.0,leach,0,155.0,21.77154105707724,550.1333333333333,104.34343477647448,1729.0,116.50628431854776,8747.6,1251.5066805369324,33436.933333333334,4036.429370949858,24004.733333333334,4960.993153257386,71.11427998453412,6.88082780966884,1.0014036321911162,0.0001838893363396,0.7121310337041645,0.0687991173078959,0.0,0.0,54.753997403914845,6.397232395407756,308.6666666666667,47.48934717637309,33390.73333333333,4036.566565547413,26375.733333333334,3639.730081567405,0.1599632936504738,0.0176185668911214,1.0493044357156447,0.1093438317540042,1524.640625,,28.594599463684403,4.220250341562601,22.22222222222222
50,150.0,nsga2,0,717.0,159.45263515270878,1293.2666666666669,96.56564507900214,1608.5333333333333,204.65611109743048,2284.9333333333334,330.45368524989715,62039.0,3704.7549369502353,45136.333333333336,7408.742188085897,72.39454246523756,8.34499306387391,1.00074262282646,5.435914830254228e-05,0.7244802069638943,0.0834869494907964,0.0,0.0,417.3785060906768,36.50444212235731,580.6666666666666,9.759000729485331,61993.13333333333,3704.9444350309313,3101.4,190.0844924914031,96.26995124599964,12.147628755789915,156.26956686427835,24.32404156071397,1273.7744140625,,18626.37362513285,2563.760253911471,22.22222222222222
50,150.0,pegasis,0,663.4666666666667,200.31185210875088,1590.4666666666667,116.47922357145724,2158.4,82.01724557328521,1434.6666666666667,179.10478444062798,76555.53333333334,3306.412900208724,43907.66666666666,6062.245360386184,57.18686404390361,6.194066255451782,1.0004847747831591,4.9362196759781305e-05,0.5721439096061353,0.0619524496061363,0.0,0.0,397.8774514288343,24.51954183091806,746.2433333333332,37.7549659300728,76518.53333333334,3307.1318360404657,74457.73333333334,3254.2911334040755,0.0167856483933583,0.0019408953107694,1.572367021431481,0.1349600809105513,1428.1953125,,10.110661254595811,0.4362539902266049,22.22222222222222
50,150.0,som,0,590.7333333333333,139.00332301612005,1159.0,85.70630915266057,1860.4666666666667,123.2789326612428,2293.733333333333,268.41877373842186,59168.8,3782.074000182591,40236.93333333333,6575.556700676341,67.67271762640785,7.868014125633916,1.0007052932678322,7.819955096579077e-05,0.6772010295451258,0.0787053368463647,0.0,0.0,367.594907628372,27.861972240570772,572.6666666666666,19.223002094465095,59127.333333333336,3783.158084885972,3233.0,182.8211460104422,18.062806339713596,1.7261064267475448,34.6084918857128,3.372946913765117,1339.337890625,,1196.0278414968295,108.93116517584367,22.22222222222222
50,150.0,stub,0,23.2,1.9712215212183244,160.46666666666667,50.55388450055285,2069.866666666667,159.45660702463704,19373.533333333333,4837.687594984473,21736.2,4584.702922296524,19373.533333333333,4837.687594984473,88.45671268062584,4.128189906831813,1.0023980129240373,0.0004795274785236,0.8866718910993738,0.0410125530642855,0.0,0.0,179.0191758251665,24.282920817159628,514.3333333333334,51.75031630913223,21686.2,4584.702922296524,0.0,0.0,0.0024963339772722,0.0001727134424878,0.4405906928545197,0.0475463393876807,2308.1953125,,0.0,0.0,22.22222222222222
50,150.0,teen,15,424.6,57.29348005788143,2037.8666666666663,466.6093298109958,6999.0,0.0,8285.666666666666,1280.747586744703,17044.266666666666,2151.065698228494,13000.4,2626.2894465657923,75.60469638575773,6.556489687345076,0.1508262097012362,0.0027251650609704,0.091003685526064,0.0079854230996464,0.0106273838548068,0.0047624360977541,161.93301887055085,19.846536573952918,560.6666666666666,43.86125310350268,141598.0,17752.57147168102,114711.33333333331,17458.45922127587,0.1744244266194481,0.02322164530787,3.605525678572511,0.4437463789231475,4736.140625,,26.97589523809524,4.164205423830119,22.22222222222222
100,150.0,apteen,15,518.7333333333333,56.337587892310495,2199.133333333333,405.99821721400747,6999.0,0.0,12418.2,1091.2093684139106,37971.13333333333,3167.210531742554,28050.733333333334,3492.9022412124086,73.66388203062415,3.783788836136848,0.1663571626915954,0.0021784302775812,0.0978671977287147,0.0059768261274347,0.0022221178703251,0.0009126671651676,282.6908402389956,17.12253851393135,822.0,43.29302154257328,285727.26666666666,20714.411034235032,282660.4,23354.27021461264,0.3873192142856744,0.0305286467437593,8.176779564287115,0.6360094686662761,4845.515625,,115.93094285714288,11.3571759383166,44.44444444444444
100,150.0,dqn,0,559.3333333333334,186.3528399364521,1323.2,64.19523791862268,1534.0,61.59081564185176,5217.266666666666,379.3548031416851,128986.66666666669,5124.030760845922,90954.4,7909.993595807413,70.42385851429404,4.010981721679033,1.0006118954757282,4.570273575084789e-05,0.7046688406777256,0.0401214482906841,0.0,0.0,369.8719160654936,10.09808848806172,954.5333333333328,37.24411107173648,128907.93333333332,5124.938166409796,7985.333333333333,310.0840131933526,0.494120443822351,0.0137606327282669,3.236455285717966,0.1013929607807593,1177.1171875,,8307.512030041893,296.7916331793368,44.44444444444444
100,150.0,fuzzy_t2,0,393.26666666666665,195.6686217149023,1354.2,61.42498328390958,1449.0666666666666,75.90827798512271,5340.066666666667,380.398562913514,127101.2,6526.495276946119,93991.13333333332,8053.38987070189,73.88005852061919,3.876643544172337,1.0006665209636614,4.416115650654895e-05,0.7392923534728997,0.0387790418298855,0.0,0.0,374.09302078755866,9.256725888588049,1028.6666666666667,46.88384837121669,127016.73333333334,6526.081207264397,6423.066666666667,354.3681432527209,4.504258175537161,0.1345892030330391,8.778611464280402,0.4401022509509324,1100.78515625,,2170.085789277005,99.83089906030706,44.44444444444444
100,150.0,gcn,0,157.66666666666666,140.58127627139837,1010.0,103.10189135025604,2260.6666666666665,132.9810226346315,4510.466666666666,486.6650163050948,108046.26666666666,9223.86163682208,78229.06666666667,10106.85139939852,72.21180649234745,4.3564356481600734,1.0006311917658672,8.417887614131837e-05,0.7225720808982825,0.0435599903894728,0.0,0.0,371.8116079552639,10.3803714235177,1022.0,71.6339903357936,107978.8,9226.301349945166,7605.933333333333,625.1155855024695,0.7447839335148947,0.0379495136308251,3.911391585724362,0.2732880250263517,1785.900390625,,4386.308338963637,384.08795480287847,44.44444444444444
100,150.0,leach,0,302.6666666666667,32.83218513825087,925.2666666666668,96.41240781638211,1827.0666666666664,79.55004414712492,8355.733333333334,647.9678636946068,96519.93333333332,6114.494693135398,61021.53333333333,7773.466875639637,63.014638715851696,4.574935229047248,1.000900462072309,8.263525787571423e-05,0.6307116143417854,0.0457581131569205,0.0,0.0,150.7776373655897,16.31214048066803,653.0666666666657,44.419215061352126,96433.53333333334,6116.016909565836,95504.73333333334,6458.0023831640365,0.5277836444109327,0.0479070301501952,3.5493623357074933,0.3460806034476903,1411.8125,,186.6957287801144,9.43948207982332,44.44444444444444
100,150.0,nsga2,0,1051.8666666666666,67.1627731354066,1292.2,73.26975599015697,1932.6666666666667,111.89131631483592,5233.333333333333,460.4050494117213,135749.73333333334,6048.549985228651,94131.4,8780.44769278391,69.2231335409437,3.892560007292091,1.0007006718907754,3.697887478635145e-05,0.6927154589835272,0.0389361582873567,0.0,0.0,375.945828330571,8.106902745482742,608.6666666666666,20.655911179772893,135654.86666666667,6048.495383938373,7303.6,342.8724877518505,99.85604418698016,10.378161619778458,195.01629317856197,21.88326005754669,1637.3212890625,,76690.84914011807,3486.4864284897226,44.44444444444444
100,150.0,pegasis,0,814.6,415.5049939531413,1886.5333333333333,75.05984913641215,2262.0666666666666,160.97669159880022,1371.8,222.7388605519926,180626.66666666663,4615.991205529297,98537.86666666668,9849.284178969314,54.48601263651884,4.47843950391323,1.0003538518037292,3.556833347104248e-05,0.5450524525876397,0.0447945390831868,0.0,0.0,905.0003961583496,68.96648063051104,1531.5299999999995,66.87522443220004,180562.86666666667,4618.126628014974,178493.4,4566.702151756467,0.0554425383349266,0.0028919199652772,3.630490649998787,0.2224008498822549,1424.21875,,74.07269894917076,4.565118377584348,44.44444444444444
100,150.0,som,0,341.7333333333333,63.22800765784853,1267.9333333333334,127.98630879158614,2263.0,89.30125579024231,4785.866666666667,392.7476228293371,125883.53333333334,6126.000371562261,87300.13333333333,7599.081916978681,69.26324688583033,3.527109920271774,1.000637492236579,4.553107037624079e-05,0.6930734625207141,0.035281913930015,0.0,0.0,379.10604090093454,14.829653031477983,560.6666666666666,33.52326839390103,125803.53333333334,6126.3069960232815,6908.733333333334,300.03058574244125,29.807691049585056,2.4786532983899803,69.83988902856696,4.013680854996755,1518.7744140625,,4348.471821583536,385.7617683134261,44.44444444444444
100,150.0,stub,0,21.53333333333333,1.4573295865416045,146.13333333333333,36.75957925040311,2215.266666666667,73.8825967006987,38808.66666666666,5841.660755380475,43644.66666666666,5652.688041563774,38808.66666666666,5841.660755380475,88.69259133478133,2.795106776693552,1.002335538392457,0.0003252858468694,0.8889915334713346,0.0278246163199406,0.0,0.0,343.05401980773786,28.562187660153057,983.6666666666666,101.32456102380443,43544.66666666666,5652.688041563774,0.0,0.0,0.0024919162138258,0.0001324775065459,0.680113792855991,0.061912693772695,2678.078125,,0.0,0.0,44.44444444444444
100,150.0,teen,15,549.7333333333333,52.22816244499659,2257.2,404.054310352316,6999.0,0.0,12174.866666666669,1031.849439921671,35715.333333333336,2941.334577234983,26380.13333333333,3238.041248009285,73.65999525668664,3.767955626781744,0.1532104285185015,0.0023404080377985,0.0885947693253699,0.0054819132354057,0.0040076222571143,0.0011837270416872,294.1953571387304,17.792354218137366,828.6666666666666,45.01851470969101,296852.6,20740.14027986724,294276.86666666664,23610.85632520608,0.4047799388140354,0.0342977040642983,8.334957428567577,0.684264863204759,4858.7890625,,120.6110380952381,11.50678404430086,44.44444444444444
150,150.0,apteen,15,527.3333333333334,40.49632552408158,2355.4666666666667,409.99718930511614,6999.0,0.0,16148.133333333331,1176.6897191860287,57045.53333333333,3944.921343895694,43005.86666666667,4928.254731163771,75.20310013540572,3.901167383735705,0.1667481176116401,0.0019352829187751,0.0995793547838445,0.0055437758530561,0.0006717752356534,0.0004331667390011,360.0193632442373,20.981360324997187,935.3333333333334,46.27042663464841,430896.8,29836.5894575292,451525.5333333333,35030.18816446888,0.6084071856612169,0.0431697505846777,13.580111964293922,0.9668275270683112,5081.1015625,,268.56583809523806,26.189765756355843,66.66666666666667
150,150.0,dqn,0,833.0,192.04649734597385,1404.7333333333331,57.15701015206979,1652.3333333333333,43.18178628387977,8882.6,515.8438024939609,208359.0,7823.469270635082,148413.13333333333,14666.696043693522,71.10773851880283,4.755526688873853,1.000554255021377,4.454779864311631e-05,0.7114701935534725,0.0475593555234348,0.0,0.0,352.9025458754822,17.129508565387777,1082.0,36.0951124510943,208243.86666666667,7827.33247634455,12068.066666666668,330.54143173774463,0.7050216802396168,0.0197120204712355,5.065399335709766,0.2019420747085274,1426.0390625,,18770.124107614865,578.9433613918859,66.66666666666667
150,150.0,fuzzy_t2,0,576.6,220.3710507303534,1443.1333333333334,57.69608388130077,1543.6666666666667,75.41946193188623,8857.733333333334,528.6294228158954,205626.6,7913.318491180368,153357.0,13804.293053767213,74.48231644492246,4.473527755598056,1.0006050277096905,4.166971799849093e-05,0.745272996326391,0.0447471913156368,0.0,0.0,366.4408024275528,17.58760840251905,1234.0,75.59289460184544,205502.53333333333,7916.061645853472,9968.066666666668,384.0054811116757,6.943335936226501,0.2084447480475297,14.221557335711882,0.5989230413793091,1401.5078125,,4626.238656511163,152.82898072485526,66.66666666666667
150,150.0,gcn,0,82.06666666666666,77.45179760587196,1132.3333333333333,98.33882147719592,2396.2,163.27680265645296,7393.533333333334,668.1575805010016,179417.8,10293.75811700608,131832.13333333333,14295.204285087391,73.36145208667178,5.123330466825103,1.000508147348158,6.262092958434752e-05,0.7339861346677349,0.0512399066483773,0.0,0.0,379.10949314580927,15.709406791978983,1140.6666666666667,93.7067360489756,179327.2,10298.374644296337,11019.533333333333,621.184452324367,1.2823909573978256,0.1025559547135587,6.666836392870339,0.3836254448175087,1867.244140625,,9897.890699203204,979.1060249442314,66.66666666666667
150,150.0,leach,0,353.8666666666667,22.699486044108284,1092.4666666666667,124.61017309230913,1934.2666666666669,73.38009331718034,9004.066666666668,517.2474493020954,162050.13333333333,8806.752797603396,105573.4,12993.705112201722,64.96871042351115,4.948037897414879,1.000756900341267,6.115754014754991e-05,0.6501769100753161,0.049489515454802,0.0,0.0,242.0942478292877,21.548255213386543,799.9333333333319,35.36840128594644,161928.0,8808.619723235384,166246.2,9479.892142243572,0.8316531616207127,0.0395409348693232,6.289195028578563,0.3863629809901682,1530.640625,,451.4871811616536,24.19374824846753,66.66666666666667
150,150.0,nsga2,0,1076.7333333333331,31.12754101312549,1349.6,64.34149960506494,2048.266666666667,162.42293410663876,8796.8,746.4155487585796,214519.3333333333,8523.197577927016,149315.13333333333,14721.48028691732,69.47905727690697,4.391261296105807,1.0006459230224067,3.0098320071324712e-05,0.6952387331332447,0.0439297151851887,0.0,0.0,354.34588256995295,9.988035841822647,666.0,22.424476423255523,214381.06666666668,8523.42570689464,11757.866666666669,555.7770450545108,107.04246482267402,11.3098685079125,222.36176231429064,29.275936101978,1883.8212890625,,178050.09625405594,10739.244731255085,66.66666666666667
150,150.0,pegasis,0,719.6666666666666,414.6925998627808,2002.4666666666667,52.35437854068132,2267.266666666667,56.7682842372226,1321.8,129.91326777068286,288510.6666666667,3607.7748517545247,155271.6,14206.519463159962,53.7853949800127,4.445276756241244,1.0003165846202926,2.3748655065244216e-05,0.5380237656226659,0.0444607964819992,0.0,0.0,1502.938365283777,45.88091743919491,2348.833333333333,79.0236643279058,288419.4,3610.279288761071,286434.5333333333,3592.2894384394767,0.1471209398430623,0.0047559977214847,5.641586914267724,0.2362725994312085,1586.3359375,,242.0008832444386,6.671703545270483,66.66666666666667
150,150.0,som,0,327.53333333333336,43.470625002353465,1334.5333333333333,114.44266603642107,2426.6666666666665,122.89581340461096,7226.2,722.558272489394,195474.86666666667,9582.676004620202,138619.6,14367.479482696826,70.7738504496864,4.284984802310009,1.000602139742983,4.068900819481922e-05,0.7081640352168495,0.0428637687831338,0.0,0.0,397.7768241348447,7.750108867960328,577.7999999999993,30.18088325887204,195357.53333333333,9583.56911494629,10455.866666666669,527.4795685503802,43.22980367581732,3.976835506199782,108.2477722571431,9.666783937727493,1804.705078125,,9322.78914358338,544.4531160452009,66.66666666666667
150,150.0,stub,0,21.933333333333334,1.2227992865708155,165.06666666666666,50.24719845305759,2247.866666666667,62.34680272093998,59915.66666666666,8115.461087742745,66746.33333333333,7833.593087891831,59915.66666666666,8115.461087742745,89.60701430405727,1.9648659847845469,1.0022797639519951,0.0002519221581315,0.8981095289401769,0.019524479731403,0.0,0.0,521.1010323822206,47.40362524433347,1485.5333333333256,88.70969238933925,66596.33333333333,7833.593087891831,0.0,0.0,0.0025625300946401,0.0001359086547164,0.917533092845198,0.0836142097769638,3719.2890625,,0.0,0.0,66.66666666666667
150,150.0,teen,15,532.4,37.11141526346231,2434.133333333333,451.5757912444989,6999.0,0.0,16019.666666666666,1221.2881177947595,53566.0,3667.551733007418,40446.73333333333,4541.4270014527165,75.33048527924105,3.782299226996664,0.1538985485926272,0.0017929226775043,0.0904739381653425,0.0047577172676796,0.0015204985724698,0.0006888397276387,370.0771956323202,21.46497831524784,946.3333333333334,42.54689289757943,446087.3333333333,31102.314345827494,467742.5333333333,36548.42974908511,0.625378980604238,0.0463762339628246,13.650639757139809,0.9984526573133792,5098.859375,,277.7009047619047,27.293669699843576,66.66666666666667
